<?xml version="1.0" encoding="UTF-8"?>
<metadata>
  <identifier>mcdonalds-japan-ecdp-rom-training-nintendo-ds-cartridge-dump</identifier>
  <mediatype>software</mediatype>
  <asdasd>jkjkj</asdasd>
  <collection>open_source_software</collection>
  <creator>babylonian</creator>
  <date>2020-11-17</date>
  <description>A complete ROM dump (save file included!) of the ultra-rare McDonald's Japan "eCDP - eCrew Development Program" Nintendo DS software, used for training McDonald's Japan employees.&lt;div&gt;&lt;br /&gt;&lt;/div&gt;&lt;div&gt;Full documentary: &lt;a href="https://www.youtube.com/watch?v=-e6xOBCAVvA" rel="nofollow"&gt;https://www.youtube.com/watch?v=-e6xOBCAVvA&lt;/a&gt;&lt;/div&gt;&lt;div&gt;&lt;br /&gt;&lt;/div&gt;&lt;div&gt;&lt;br /&gt;&lt;/div&gt;&lt;div&gt;&lt;br /&gt;&lt;/div&gt;&lt;div&gt;&lt;br /&gt;&lt;/div&gt;&lt;div&gt;&lt;/div&gt;</description>
  <language>jpn</language>
  <scanner>Internet Archive HTML5 Uploader 1.6.4</scanner>
  <subject>mcdonald's</subject>
  <subject>mcdonalds</subject>
  <subject>japan</subject>
  <subject>training</subject>
  <subject>rare</subject>
  <subject>lost media</subject>
  <subject>dump</subject>
  <title>McDonald's eCDP - eCrew Development Program ROM (Nintendo DS)</title>
  <uploader>mikumikumikubrothbrothbroth@nckrbnsn.com</uploader>
  <publicdate>2020-11-18 00:47:11</publicdate>
  <addeddate>2020-11-18 00:47:11</addeddate>
  <curation>[curator]validator@archive.org[/curator][date]20201118005522[/date][comment]checked for malware[/comment]</curation>
  <year>2020</year>
</metadata>
