<?xml version="1.0" encoding="UTF-8"?>
<reviews itemIdentifier="mcdonalds-japan-ecdp-rom-training-nintendo-ds-cartridge-dump">
  <review>
    <reviewtitle>nice</reviewtitle>
    <reviewbody>epic</reviewbody>
    <stars>5</stars>
    <reviewer>oocobol1</reviewer>
    <reviewdate>2020-11-18 00:50:13</reviewdate>
    <createdate>2020-11-18 00:50:13</createdate>
    <reviewer_itemname>@oocobol1</reviewer_itemname>
  </review>
  <review>
    <reviewtitle>Yes</reviewtitle>
    <reviewbody>Thank you based nick</reviewbody>
    <stars>5</stars>
    <reviewer>Tux1</reviewer>
    <reviewdate>2020-11-18 00:50:56</reviewdate>
    <createdate>2020-11-18 00:50:56</createdate>
    <reviewer_itemname>@tux1</reviewer_itemname>
  </review>
  <review>
    <reviewtitle>great work bro.</reviewtitle>
    <reviewbody>From the video! thanks nick, you are great! keep up the work.</reviewbody>
    <stars>5</stars>
    <reviewer>Ninjasquid</reviewer>
    <reviewdate>2020-11-18 00:51:44</reviewdate>
    <createdate>2020-11-18 00:51:44</createdate>
    <reviewer_itemname>@ninjasquid</reviewer_itemname>
  </review>
  <review>
    <reviewtitle>This is a piece of History.</reviewtitle>
    <reviewbody>I never thought I would be commenting on an archive.org Mcdonalds DS Game post, thanks Nick :))</reviewbody>
    <stars>5</stars>
    <reviewer>SullyBS</reviewer>
    <reviewdate>2020-11-18 00:52:02</reviewdate>
    <createdate>2020-11-18 00:52:02</createdate>
    <reviewer_itemname>@sullybs</reviewer_itemname>
  </review>
  <review>
    <reviewtitle>poggers</reviewtitle>
    <reviewbody>this is poggers</reviewbody>
    <stars>5</stars>
    <reviewer>terux</reviewer>
    <reviewdate>2020-11-18 00:52:08</reviewdate>
    <createdate>2020-11-18 00:52:08</createdate>
    <reviewer_itemname>@terux</reviewer_itemname>
  </review>
  <review>
    <reviewtitle>funny mcdonald</reviewtitle>
    <reviewbody>I love McDonald's!</reviewbody>
    <stars>5</stars>
    <reviewer>Dionicio3</reviewer>
    <reviewdate>2020-11-18 00:52:12</reviewdate>
    <createdate>2020-11-18 00:52:12</createdate>
    <reviewer_itemname>@dionicio3</reviewer_itemname>
  </review>
  <review>
    <reviewtitle>I'm lovin' it</reviewtitle>
    <reviewbody>You're a dumper now, Nick.</reviewbody>
    <stars>5</stars>
    <reviewer>AzuMagi</reviewer>
    <reviewdate>2020-11-18 00:52:18</reviewdate>
    <createdate>2020-11-18 00:52:18</createdate>
    <reviewer_itemname>@azumagi</reviewer_itemname>
  </review>
  <review>
    <reviewtitle>PogChamp</reviewtitle>
    <reviewbody>lets gooo bro</reviewbody>
    <stars>5</stars>
    <reviewer>fionnvevo</reviewer>
    <reviewdate>2020-11-18 00:52:25</reviewdate>
    <createdate>2020-11-18 00:52:25</createdate>
    <reviewer_itemname>@fionnvevo</reviewer_itemname>
  </review>
  <review>
    <reviewtitle>Legendary</reviewtitle>
    <reviewbody>You made history. Amazing.</reviewbody>
    <stars>5</stars>
    <reviewer>AczinorDP</reviewer>
    <reviewdate>2020-11-18 00:52:31</reviewdate>
    <createdate>2020-11-18 00:52:31</createdate>
    <reviewer_itemname>@aczinordp</reviewer_itemname>
  </review>
  <review>
    <reviewtitle>Thank you</reviewtitle>
    <reviewbody>Thank you for perserving this rare software</reviewbody>
    <stars>5</stars>
    <reviewer>ZanyLeonic</reviewer>
    <reviewdate>2020-11-18 00:52:36</reviewdate>
    <createdate>2020-11-18 00:52:36</createdate>
    <reviewer_itemname>@zanyleonic</reviewer_itemname>
  </review>
  <review>
    <reviewtitle>Mcdonald's</reviewtitle>
    <reviewbody>Mcdonald's</reviewbody>
    <stars>5</stars>
    <reviewer>chrisfehnlover</reviewer>
    <reviewdate>2020-11-18 00:52:45</reviewdate>
    <createdate>2020-11-18 00:52:45</createdate>
    <reviewer_itemname>@chrisfehnlover</reviewer_itemname>
  </review>
  <review>
    <reviewtitle>Based</reviewtitle>
    <reviewbody>Holy moly, what you did was epicly based, thank you Nick.</reviewbody>
    <stars>5</stars>
    <reviewer>arizonabobross</reviewer>
    <reviewdate>2020-11-18 00:52:58</reviewdate>
    <createdate>2020-11-18 00:52:58</createdate>
    <reviewer_itemname>@arizonabobross</reviewer_itemname>
  </review>
  <review>
    <reviewtitle>macdongal</reviewtitle>
    <reviewbody>borgar</reviewbody>
    <stars>5</stars>
    <reviewer>Chang0099</reviewer>
    <reviewdate>2020-11-18 00:53:11</reviewdate>
    <createdate>2020-11-18 00:53:11</createdate>
    <reviewer_itemname>@chang0099</reviewer_itemname>
  </review>
  <review>
    <reviewtitle>holy shit</reviewtitle>
    <reviewbody>YOU ABSOLUTE KING</reviewbody>
    <stars>5</stars>
    <reviewer>RemixRave</reviewer>
    <reviewdate>2020-11-18 00:53:33</reviewdate>
    <createdate>2020-11-18 00:53:33</createdate>
    <reviewer_itemname>@remixrave</reviewer_itemname>
  </review>
  <review>
    <reviewtitle>Thank you so much, Nick</reviewtitle>
    <reviewbody>Thank you for not being like Coddy, thank you for helping the world, thank you for making this piece of history accessible to everyone.</reviewbody>
    <stars>5</stars>
    <reviewer>VintxgeVibez</reviewer>
    <reviewdate>2020-11-18 00:53:35</reviewdate>
    <createdate>2020-11-18 00:53:35</createdate>
    <reviewer_itemname>@vintxgevibez</reviewer_itemname>
  </review>
  <review>
    <reviewtitle>wow!</reviewtitle>
    <reviewbody>Wish you hadn't harassed those girls so i could thank you!</reviewbody>
    <stars>5</stars>
    <reviewer>GarnetSunset</reviewer>
    <reviewdate>2020-11-18 00:53:59</reviewdate>
    <createdate>2020-11-18 00:53:59</createdate>
    <reviewer_itemname>@garnetsunset</reviewer_itemname>
  </review>
  <review>
    <reviewtitle>So far...</reviewtitle>
    <reviewbody>I'm Lovin' It</reviewbody>
    <stars>5</stars>
    <reviewer>POTATOETER</reviewer>
    <reviewdate>2020-11-18 00:54:13</reviewdate>
    <createdate>2020-11-18 00:54:13</createdate>
    <reviewer_itemname>@potatoeter</reviewer_itemname>
  </review>
  <review>
    <reviewtitle>somebody @ blameitonjorge</reviewtitle>
    <reviewbody>Absolute legend. Thank u Nick :))))</reviewbody>
    <stars>5</stars>
    <reviewer>Sirkenny</reviewer>
    <reviewdate>2020-11-18 00:54:18</reviewdate>
    <createdate>2020-11-18 00:54:18</createdate>
    <reviewer_itemname>@sirkenny</reviewer_itemname>
  </review>
  <review>
    <reviewtitle>Nice</reviewtitle>
    <reviewbody>:)</reviewbody>
    <stars>5</stars>
    <reviewer>Pikaa</reviewer>
    <reviewdate>2020-11-18 00:54:19</reviewdate>
    <createdate>2020-11-18 00:54:19</createdate>
    <reviewer_itemname>@pikaa</reviewer_itemname>
  </review>
  <review>
    <reviewtitle>thank you Nick</reviewtitle>
    <reviewbody>You have finally preserved me. I will always remember you, my love</reviewbody>
    <stars>5</stars>
    <reviewer>eCDP</reviewer>
    <reviewdate>2020-11-18 00:54:25</reviewdate>
    <createdate>2020-11-18 00:54:25</createdate>
    <reviewer_itemname>@ecdp</reviewer_itemname>
  </review>
  <review>
    <reviewtitle>McDonald's DS</reviewtitle>
    <reviewbody>McDonald's DS</reviewbody>
    <stars>5</stars>
    <reviewer>DCGMatthew</reviewer>
    <reviewdate>2020-11-18 00:54:43</reviewdate>
    <createdate>2020-11-18 00:54:43</createdate>
    <reviewer_itemname>@dcgmatthew</reviewer_itemname>
  </review>
  <review>
    <reviewtitle>Thank you!</reviewtitle>
    <reviewbody>Through the journey and everything, this is worth it.</reviewbody>
    <stars>5</stars>
    <reviewer>CYLITM</reviewer>
    <reviewdate>2020-11-18 00:55:35</reviewdate>
    <createdate>2020-11-18 00:55:35</createdate>
    <reviewer_itemname>@cylitm</reviewer_itemname>
  </review>
  <review>
    <reviewtitle>Thanks Nick</reviewtitle>
    <reviewbody>Nick is the most based and Chad individual I know of, and I know lots of people, many people, but Nick, Nick is the most based and Chad person I know of, and I know lots of people.</reviewbody>
    <stars>5</stars>
    <reviewer>bugmenot123</reviewer>
    <reviewdate>2020-11-18 00:55:51</reviewdate>
    <createdate>2020-11-18 00:55:51</createdate>
    <reviewer_itemname>@bugmenot123</reviewer_itemname>
  </review>
  <review>
    <reviewtitle>A historical moment</reviewtitle>
    <reviewbody>It was a crazy ride. Glad I was here too see the finish line</reviewbody>
    <stars>5</stars>
    <reviewer>GenerallyBananas</reviewer>
    <reviewdate>2020-11-18 00:56:01</reviewdate>
    <createdate>2020-11-18 00:56:01</createdate>
    <reviewer_itemname>@generallybananas</reviewer_itemname>
  </review>
  <review>
    <reviewtitle>AMAZING</reviewtitle>
    <reviewbody>THE ULTIMATE DUMPER/POGGER.</reviewbody>
    <stars>5</stars>
    <reviewer>The_Good_G</reviewer>
    <reviewdate>2020-11-18 00:56:01</reviewdate>
    <createdate>2020-11-18 00:56:01</createdate>
    <reviewer_itemname>@the_good_g</reviewer_itemname>
  </review>
  <review>
    <reviewtitle>A ABSOLUTE HERO!!!!</reviewtitle>
    <reviewbody>This made this year a whole lot better. Thank you so much!!</reviewbody>
    <stars>5</stars>
    <reviewer>Gman5121</reviewer>
    <reviewdate>2020-11-18 00:56:04</reviewdate>
    <createdate>2020-11-18 00:56:04</createdate>
    <reviewer_itemname>@gman5121</reviewer_itemname>
  </review>
  <review>
    <reviewtitle>I work for McDonald's</reviewtitle>
    <reviewbody>Thank you so much!!!</reviewbody>
    <stars>5</stars>
    <reviewer>Cal M</reviewer>
    <reviewdate>2020-11-18 00:56:26</reviewdate>
    <createdate>2020-11-18 00:56:26</createdate>
    <reviewer_itemname>@cal_m</reviewer_itemname>
  </review>
  <review>
    <reviewtitle>you madlad, you absolute chad</reviewtitle>
    <reviewbody>you did it </reviewbody>
    <stars>5</stars>
    <reviewer>kirishimaei16</reviewer>
    <reviewdate>2020-11-18 00:56:26</reviewdate>
    <createdate>2020-11-18 00:56:26</createdate>
    <reviewer_itemname>@kirishimaei16</reviewer_itemname>
  </review>
  <review>
    <reviewtitle>AMAZING TY NICK!!!!!!</reviewtitle>
    <reviewbody>THANK YOU SOOOOOO MUCH YOU ARE THE BEST!!!!!</reviewbody>
    <stars>5</stars>
    <reviewer>Frapaz</reviewer>
    <reviewdate>2020-11-18 00:57:31</reviewdate>
    <createdate>2020-11-18 00:57:31</createdate>
    <reviewer_itemname>@frapaz</reviewer_itemname>
  </review>
  <review>
    <reviewtitle>Fantastic Upload</reviewtitle>
    <reviewbody>Thanks for sharing this rare game! Glad to see it will still exist somewhere.</reviewbody>
    <stars>5</stars>
    <reviewer>Vervexx</reviewer>
    <reviewdate>2020-11-18 00:58:05</reviewdate>
    <createdate>2020-11-18 00:58:05</createdate>
    <reviewer_itemname>@slaykes</reviewer_itemname>
  </review>
  <review>
    <reviewtitle>Amazing!</reviewtitle>
    <reviewbody>I never thought I'd ever get the chance to see this! Thank you all so much for your hard work!!!</reviewbody>
    <stars>5</stars>
    <reviewer>BetaJams</reviewer>
    <reviewdate>2020-11-18 01:12:42</reviewdate>
    <createdate>2020-11-18 01:12:42</createdate>
    <reviewer_itemname>@betajams</reviewer_itemname>
  </review>
  <review>
    <reviewtitle>cool</reviewtitle>
    <reviewbody>cool</reviewbody>
    <stars>4</stars>
    <reviewer>wownowarchive</reviewer>
    <reviewdate>2020-11-18 01:22:20</reviewdate>
    <createdate>2020-11-18 01:22:20</createdate>
    <reviewer_itemname>@wownowarchive</reviewer_itemname>
  </review>
  <review>
    <reviewtitle>Thank you Kanye, very cool!</reviewtitle>
    <reviewbody>Thank you Kanye, very cool!
Thank you Kanye, very cool!
Thank you Kanye, very cool!
Thank you Kanye, very cool!
Thank you Kanye, very cool!</reviewbody>
    <stars>5</stars>
    <reviewer>Aluminite</reviewer>
    <reviewdate>2020-11-18 01:50:58</reviewdate>
    <createdate>2020-11-18 01:50:58</createdate>
    <reviewer_itemname>@aluminite</reviewer_itemname>
  </review>
  <review>
    <reviewtitle>YOOOOOOOO</reviewtitle>
    <reviewbody>YOOOOOOOOOOOOOOOOOOO</reviewbody>
    <stars>5</stars>
    <reviewer>Sterophonick</reviewer>
    <reviewdate>2020-11-18 01:53:20</reviewdate>
    <createdate>2020-11-18 01:53:20</createdate>
    <reviewer_itemname>@sterophonick</reviewer_itemname>
  </review>
  <review>
    <reviewtitle>mcdonal's</reviewtitle>
    <reviewbody>pretty fun but not as good as mckids</reviewbody>
    <stars>5</stars>
    <reviewer>pw64</reviewer>
    <reviewdate>2020-11-18 02:11:12</reviewdate>
    <createdate>2020-11-18 02:11:12</createdate>
    <reviewer_itemname>@pw64</reviewer_itemname>
  </review>
  <review>
    <reviewtitle>Useful Tip</reviewtitle>
    <reviewbody>Remember if you are using a R4i Gold you need to rename "DSCDP_CRUJN6_00.sav" to "DSCDP_CRUJN6_00.nds.sav"</reviewbody>
    <stars>5</stars>
    <reviewer>BROHONKY</reviewer>
    <reviewdate>2020-11-18 02:30:58</reviewdate>
    <createdate>2020-11-18 02:30:58</createdate>
    <reviewer_itemname>@brohonky</reviewer_itemname>
  </review>
  <review>
    <reviewtitle>Im lovin it'</reviewtitle>
    <reviewbody>.</reviewbody>
    <stars>5</stars>
    <reviewer>Aurora-Borealis</reviewer>
    <reviewdate>2020-11-18 02:57:04</reviewdate>
    <createdate>2020-11-18 02:57:04</createdate>
    <reviewer_itemname>@aurora-borealis</reviewer_itemname>
  </review>
  <review>
    <reviewtitle>Sick find</reviewtitle>
    <reviewbody>What an odd dump. I really didn't expect anything like this to be on the DS.</reviewbody>
    <stars>5</stars>
    <reviewer>Fahrenheight</reviewer>
    <reviewdate>2020-11-18 02:58:26</reviewdate>
    <createdate>2020-11-18 02:58:26</createdate>
    <reviewer_itemname>@fahrenheight</reviewer_itemname>
  </review>
  <review>
    <reviewtitle>god.</reviewtitle>
    <reviewbody>i cannot wait to speedrun this game. now i can flip burgers and instead of getting paid, nothing happens. 
this is so much better than cooking mama</reviewbody>
    <stars>5</stars>
    <reviewer>ashleygaming</reviewer>
    <reviewdate>2020-11-18 04:08:44</reviewdate>
    <createdate>2020-11-18 04:08:44</createdate>
    <reviewer_itemname>@ashleygaming</reviewer_itemname>
  </review>
  <review>
    <reviewtitle>ahaaa</reviewtitle>
    <reviewbody>take that  Coddy Trentuit for not uploading NOOB</reviewbody>
    <stars>5</stars>
    <reviewer>DandyDaisy</reviewer>
    <reviewdate>2020-11-18 04:51:54</reviewdate>
    <createdate>2020-11-18 04:51:54</createdate>
    <reviewer_itemname>@dandydaisy</reviewer_itemname>
  </review>
  <review>
    <reviewtitle>holy cow</reviewtitle>
    <reviewbody>THANK YOU NICK I AM CRYING A RIVER, GODBLESS</reviewbody>
    <stars>5</stars>
    <reviewer>Weebloser64</reviewer>
    <reviewdate>2020-11-18 06:31:22</reviewdate>
    <createdate>2020-11-18 06:31:22</createdate>
    <reviewer_itemname>@weebloser64</reviewer_itemname>
  </review>
  <review>
    <reviewtitle>yo, u a real G</reviewtitle>
    <reviewbody>much love :D</reviewbody>
    <stars>5</stars>
    <reviewer>Skai Fire</reviewer>
    <reviewdate>2020-11-18 06:35:20</reviewdate>
    <createdate>2020-11-18 06:35:20</createdate>
    <reviewer_itemname>@skai_fire</reviewer_itemname>
  </review>
  <review>
    <reviewtitle>I extracted the soundtrack</reviewtitle>
    <reviewbody>I extracted the soundtrack in the highest quality possible! Watch here: https://www.youtube.com/playlist?list=PLDSfPVCgUa9IHPGRMm92ej0Gm99f6U-gh

Or download here: https://drive.google.com/file/d/1Kp7rPn4d5hgkyCUL2yKc0JHsfzyfTpVV/view?usp=sharing</reviewbody>
    <stars>5</stars>
    <reviewer>owcs</reviewer>
    <reviewdate>2020-11-18 06:39:04</reviewdate>
    <createdate>2020-11-18 06:39:04</createdate>
    <reviewer_itemname>@owcs</reviewer_itemname>
  </review>
  <review>
    <reviewtitle>Big Thanks</reviewtitle>
    <reviewbody>I can't thank you enough SO MUCH for dumping this game for everyone.</reviewbody>
    <stars>5</stars>
    <reviewer>SpongeyBubby</reviewer>
    <reviewdate>2020-11-18 07:01:20</reviewdate>
    <createdate>2020-11-18 07:01:20</createdate>
    <reviewer_itemname>@spongeybubby</reviewer_itemname>
  </review>
  <review>
    <reviewtitle>❤️</reviewtitle>
    <reviewbody>thank you so much to everyone who helped with this! the world wouldn't be here without you!</reviewbody>
    <stars>5</stars>
    <reviewer>androidloyal</reviewer>
    <reviewdate>2020-11-18 07:23:58</reviewdate>
    <createdate>2020-11-18 07:23:58</createdate>
    <reviewer_itemname>@androidloyal</reviewer_itemname>
  </review>
  <review>
    <reviewtitle>You. Are. A. Madlad.</reviewtitle>
    <reviewbody>The only thing i can actually say is: Thank you SO much!</reviewbody>
    <stars>5</stars>
    <reviewer>Kenway3211</reviewer>
    <reviewdate>2020-11-18 09:03:01</reviewdate>
    <createdate>2020-11-18 09:03:01</createdate>
    <reviewer_itemname>@kenway3211</reviewer_itemname>
  </review>
  <review>
    <reviewtitle>Bro...</reviewtitle>
    <reviewbody>yes bro yes</reviewbody>
    <stars>5</stars>
    <reviewer>and000r</reviewer>
    <reviewdate>2020-11-18 09:48:01</reviewdate>
    <createdate>2020-11-18 09:48:01</createdate>
    <reviewer_itemname>@and000r</reviewer_itemname>
  </review>
  <review>
    <reviewtitle>Grazie!</reviewtitle>
    <reviewbody>Thank you very much! I glad to spread this story to italian audience! </reviewbody>
    <stars>5</stars>
    <reviewer>Narpo_Juri</reviewer>
    <reviewdate>2020-11-18 10:41:35</reviewdate>
    <createdate>2020-11-18 10:41:35</createdate>
    <reviewer_itemname>@narpo_juri</reviewer_itemname>
  </review>
  <review>
    <reviewtitle>??</reviewtitle>
    <reviewbody>What is the 2nd rarest Game tho?</reviewbody>
    <stars>5</stars>
    <reviewer>shutseal7206</reviewer>
    <reviewdate>2020-11-18 10:56:58</reviewdate>
    <createdate>2020-11-18 10:56:58</createdate>
    <reviewer_itemname>@shutseal7206</reviewer_itemname>
  </review>
  <review>
    <reviewtitle>Translation</reviewtitle>
    <reviewbody>There any possible way to be ever translated ???? AND of curse thank you for files.</reviewbody>
    <stars>5</stars>
    <reviewer>xakerofxanthi</reviewer>
    <reviewdate>2020-11-18 12:27:41</reviewdate>
    <createdate>2020-11-18 12:27:41</createdate>
    <reviewer_itemname>@xakerofxanthi</reviewer_itemname>
  </review>
  <review>
    <reviewtitle>Thank you</reviewtitle>
    <reviewbody>Thank you for preserving this game for all future generations. I was very interested in this game for years. Again, thank you very much.</reviewbody>
    <stars>5</stars>
    <reviewer>DEJVOSS</reviewer>
    <reviewdate>2020-11-18 12:32:09</reviewdate>
    <createdate>2020-11-18 12:32:09</createdate>
    <reviewer_itemname>@dejvoss</reviewer_itemname>
  </review>
  <review>
    <reviewtitle>Thank you Nick!</reviewtitle>
    <reviewbody>Thank you for your wonderful documentary about how something lost long ago, is now avaliable for video game preservation. Cheers! :)</reviewbody>
    <stars>5</stars>
    <reviewer>veryangryspoon</reviewer>
    <reviewdate>2020-11-18 13:42:20</reviewdate>
    <createdate>2020-11-18 13:42:20</createdate>
    <reviewer_itemname>@sun_sea_grasses</reviewer_itemname>
  </review>
  <review>
    <reviewtitle>McReview</reviewtitle>
    <reviewbody>Thank you for this dump Nick and everyone who helped him!</reviewbody>
    <stars>5</stars>
    <reviewer>BlueYoshi a.k.a. 57EML</reviewer>
    <reviewdate>2020-11-18 14:34:52</reviewdate>
    <createdate>2020-11-18 14:34:52</createdate>
    <reviewer_itemname>@blueyoshi_a_k_a_57eml</reviewer_itemname>
  </review>
  <review>
    <reviewtitle>You are amazing!</reviewtitle>
    <reviewbody>Thank you for all your great work. Not only on this, but everything.</reviewbody>
    <stars>5</stars>
    <reviewer>PingKong</reviewer>
    <reviewdate>2020-11-18 17:03:13</reviewdate>
    <createdate>2020-11-18 17:03:13</createdate>
    <reviewer_itemname>@pingkong</reviewer_itemname>
  </review>
  <review>
    <reviewtitle>I created an account just for this comment</reviewtitle>
    <reviewbody>Thank you, thank you, thank you, thank you sooooo much for this preservation of a rare DS game. I myself have never seen nor heard any story regarding this piece of history until i stumbled upon you. You are truly a big hearted person, willing to drop THIS much efforts into making this game to stay longer in the game community. In 5 years or more, we'll saw development poured into this game such as deep research and translation (Hey! If you are a rom translator reading this, please translate this gem. You're doing al of us a great favor). The future generation will know this game. Thank you so much, nick.


Btw i created an account just to say this, so be grateful you based nick XD</reviewbody>
    <stars>5</stars>
    <reviewer>Skyce Lord</reviewer>
    <reviewdate>2020-11-18 17:07:10</reviewdate>
    <createdate>2020-11-18 17:07:10</createdate>
    <reviewer_itemname>@skyce_lord</reviewer_itemname>
  </review>
  <review>
    <reviewtitle>A found piece of Mcdonald's history</reviewtitle>
    <reviewbody>It was very interesting that you managed to find a game that was almost impossible to get into, and I'm so glad that you contributed to its preservation! I'm sure that there are people who are already making an English patch for this game!</reviewbody>
    <stars>5</stars>
    <reviewer>thomadash</reviewer>
    <reviewdate>2020-11-18 18:14:22</reviewdate>
    <createdate>2020-11-18 18:14:22</createdate>
    <reviewer_itemname>@thomadash</reviewer_itemname>
  </review>
  <review>
    <reviewtitle>THANK YOU</reviewtitle>
    <reviewbody>ONE STEP FOR MCDONALDS GAMING. ANOTHER STEP FOR THOSE WHO WANT TO MAKE THE BURGERS</reviewbody>
    <stars>5</stars>
    <reviewer>HappyTrails2You</reviewer>
    <reviewdate>2020-11-18 20:56:50</reviewdate>
    <createdate>2020-11-18 20:56:50</createdate>
    <reviewer_itemname>@happytrails2you</reviewer_itemname>
  </review>
  <review>
    <reviewtitle>Legend</reviewtitle>
    <reviewbody>You are an absolute legend, Nick.</reviewbody>
    <stars>5</stars>
    <reviewer>Gorgnof</reviewer>
    <reviewdate>2020-11-18 21:02:42</reviewdate>
    <createdate>2020-11-18 21:02:42</createdate>
    <reviewer_itemname>@gorgnof</reviewer_itemname>
  </review>
  <review>
    <reviewtitle>epic</reviewtitle>
    <reviewbody>mcdonal</reviewbody>
    <stars>5</stars>
    <reviewer>lawrencfgsdfg</reviewer>
    <reviewdate>2020-11-18 21:36:51</reviewdate>
    <createdate>2020-11-18 21:36:51</createdate>
    <reviewer_itemname>@lawrencfgsdfg</reviewer_itemname>
  </review>
  <review>
    <reviewtitle>To the people below me..</reviewtitle>
    <reviewbody>You would need to import the save file (.sav), as that’s where all personalized data is handled. You can search for your particular emulators ways of doing so, since I was using DeSmuME I chose “Import Backup Memory” and after selecting the file chose the second option of “AUTO (from imported save data size)” as the first option wouldn’t work (since the current save data size is 4Mbit as made clear on the right of the window while the actual save file itself is 512Mbit)</reviewbody>
    <stars>4</stars>
    <reviewer>TheDiscoverer</reviewer>
    <reviewdate>2020-11-20 15:47:19</reviewdate>
    <createdate>2020-11-18 21:58:31</createdate>
    <reviewer_itemname>@thediscoverer</reviewer_itemname>
  </review>
  <review>
    <reviewtitle>Nice one, Bro.</reviewtitle>
    <reviewbody>Nick, This is amazing. You had to go through many hassles, But it was worth it in the end. You have managed to preserve a astonishing part of Video Game History. I have nothing but respect for all of the work you have done. I don't know what else to say, I am just lost for words. I'm excited to see what comes next from you. Stay safe, And have a good one! :)</reviewbody>
    <stars>5</stars>
    <reviewer>JohnF.Kennedy</reviewer>
    <reviewdate>2020-11-18 23:17:12</reviewdate>
    <createdate>2020-11-18 23:17:12</createdate>
    <reviewer_itemname>@johnf_kennedy</reviewer_itemname>
  </review>
  <review>
    <reviewtitle>Amazing Job!</reviewtitle>
    <reviewbody>Never even knew this existed! excited to see what's going on here... but can someone please translate it?</reviewbody>
    <stars>5</stars>
    <reviewer>EXYZT</reviewer>
    <reviewdate>2020-11-19 02:11:51</reviewdate>
    <createdate>2020-11-19 02:11:51</createdate>
    <reviewer_itemname>@exyzt</reviewer_itemname>
  </review>
  <review>
    <reviewtitle>****im lovin it****</reviewtitle>
    <reviewbody>Ok, im sorry about the dumbest title ever, but listen. 3 D B U R G E R</reviewbody>
    <stars>5</stars>
    <reviewer>TheNerdArchiver</reviewer>
    <reviewdate>2020-11-19 08:23:19</reviewdate>
    <createdate>2020-11-19 08:23:19</createdate>
    <reviewer_itemname>@thenerdarchiver</reviewer_itemname>
  </review>
  <review>
    <reviewtitle>Amazing</reviewtitle>
    <reviewbody>THIS is amazing...the rom has been preserved. Now someone should try and get an English patch made. Knowing the internet I'm sure someone is already working on it AND someone needs to get this up on Hidden Palace ASAP. </reviewbody>
    <stars>5</stars>
    <reviewer>Titangamer1216</reviewer>
    <reviewdate>2020-11-19 14:16:55</reviewdate>
    <createdate>2020-11-19 14:16:55</createdate>
    <reviewer_itemname>@titannostalgiafuel1216</reviewer_itemname>
  </review>
  <review>
    <reviewtitle>You're doing great, man.</reviewtitle>
    <reviewbody>Thanks for preserving something like this... never thought I'd see the day this was finally dumped.</reviewbody>
    <stars>5</stars>
    <reviewer>Cosmo :)</reviewer>
    <reviewdate>2020-11-19 19:04:10</reviewdate>
    <createdate>2020-11-19 19:04:10</createdate>
    <reviewer_itemname>@kimberly5384</reviewer_itemname>
  </review>
  <review>
    <reviewtitle>Thank you!</reviewtitle>
    <reviewbody>The documentary popped in my recommendations. I must say I have never been so glad to see a rom in my life. I love the ds and the fact that only one person had this rare game made me a bit sad. You have made me happy and providedthe world with a tresure. Thank you.</reviewbody>
    <stars>5</stars>
    <reviewer>kylekates.gamin@gmail.com</reviewer>
    <reviewdate>2020-11-19 23:11:11</reviewdate>
    <createdate>2020-11-19 23:11:11</createdate>
    <reviewer_itemname>@kylekates_gamin_gmail_com</reviewer_itemname>
  </review>
  <review>
    <reviewtitle>Some info</reviewtitle>
    <reviewbody>Upon examining the save file hex data (which I'm still new to), I found some numbers near where the original password are that he mentioned in the video (482500), "160700" and "K1LC8R" if I've done this correctly. I believe these strings may be necessary for the other sections of the game, not 100% sure but I'll test it later. God bless this dump</reviewbody>
    <stars>5</stars>
    <reviewer>Accountanananan</reviewer>
    <reviewdate>2020-11-20 00:38:49</reviewdate>
    <createdate>2020-11-20 00:38:49</createdate>
    <reviewer_itemname>@accountanananan</reviewer_itemname>
  </review>
  <review>
    <reviewtitle>Thanks so much for the dump</reviewtitle>
    <reviewbody>HOLY S*** THANKS FOR THIS DUMP NOW I CAN GET A JOB AT MCDSSSSS Poggers</reviewbody>
    <stars>5</stars>
    <reviewer>Alexandy1</reviewer>
    <reviewdate>2020-11-20 00:41:14</reviewdate>
    <createdate>2020-11-20 00:41:14</createdate>
    <reviewer_itemname>@alexandy1</reviewer_itemname>
  </review>
  <review>
    <reviewtitle>Thank you for helping game presevation.</reviewtitle>
    <reviewbody>I'm very grateful people like you exist that can put games on the internet despite depreciating its monetary value. I believe this game is very important to preserve, and I hope it can one day be translated into multiple different languages for all to enjoy. Thanks again for keeping games like these archived.</reviewbody>
    <stars>5</stars>
    <reviewer>TheRedstoneShark</reviewer>
    <reviewdate>2020-11-20 01:37:04</reviewdate>
    <createdate>2020-11-20 01:37:04</createdate>
    <reviewer_itemname>@theredstoneshark</reviewer_itemname>
  </review>
  <review>
    <reviewtitle>thanks</reviewtitle>
    <reviewbody>Thank you dude</reviewbody>
    <stars>5</stars>
    <reviewer>L0kman</reviewer>
    <reviewdate>2020-11-20 01:42:11</reviewdate>
    <createdate>2020-11-20 01:42:11</createdate>
    <reviewer_itemname>@l0kman</reviewer_itemname>
  </review>
  <review>
    <reviewtitle>Thank you man</reviewtitle>
    <reviewbody>It's not everyday a rare cartridge (not intended for the public) makes it's way available like this. Thank you!</reviewbody>
    <stars>5</stars>
    <reviewer>ThatOneRick</reviewer>
    <reviewdate>2020-11-20 02:07:03</reviewdate>
    <createdate>2020-11-20 02:07:03</createdate>
    <reviewer_itemname>@thatonerick</reviewer_itemname>
  </review>
  <review>
    <reviewtitle>Very well done</reviewtitle>
    <reviewbody>Really good progress for old DS games that have been lost to time. Can't wait to hack it.</reviewbody>
    <stars>5</stars>
    <reviewer>Aregano</reviewer>
    <reviewdate>2020-11-20 03:08:44</reviewdate>
    <createdate>2020-11-20 03:08:44</createdate>
    <reviewer_itemname>@aregano</reviewer_itemname>
  </review>
  <review>
    <reviewtitle>Epic</reviewtitle>
    <reviewbody>This is epic mc donalds game im lovin it 111/10 - IGN</reviewbody>
    <stars>5</stars>
    <reviewer>Oof Is Garbage</reviewer>
    <reviewdate>2020-11-20 03:26:21</reviewdate>
    <createdate>2020-11-20 03:26:21</createdate>
    <reviewer_itemname>@oof_is_garbage</reviewer_itemname>
  </review>
  <review>
    <reviewtitle>YOU ARE A LEGEND</reviewtitle>
    <reviewbody>I just watched your video and I put it on my watch later list so I can remember it. THANKYOU. also how do I make the game?</reviewbody>
    <stars>5</stars>
    <reviewer>Ssstricklin</reviewer>
    <reviewdate>2020-11-20 04:25:43</reviewdate>
    <createdate>2020-11-20 04:25:43</createdate>
    <reviewer_itemname>@ssstricklin</reviewer_itemname>
  </review>
  <review>
    <reviewtitle>yes</reviewtitle>
    <reviewbody>*giddy screeching*</reviewbody>
    <stars>5</stars>
    <reviewer>Pengun37</reviewer>
    <reviewdate>2020-11-20 04:39:29</reviewdate>
    <createdate>2020-11-20 04:39:29</createdate>
    <reviewer_itemname>@pengun37</reviewer_itemname>
  </review>
  <review>
    <reviewtitle>Big pog</reviewtitle>
    <reviewbody>Just saw your vid and you dumped a rare game. The best thing that has happened in 2020. Thanks</reviewbody>
    <stars>5</stars>
    <reviewer>Anthony Aquije</reviewer>
    <reviewdate>2020-11-20 05:03:39</reviewdate>
    <createdate>2020-11-20 05:03:39</createdate>
    <reviewer_itemname>@anthony_aquije</reviewer_itemname>
  </review>
  <review>
    <reviewtitle>Interesting game indeed</reviewtitle>
    <reviewbody>This game was very interesting, really liked it. Gave me some experience on what it's actually like to be in McDonald's. This was good too as I was also able to understand 90% of the Japanese that was in this game. I hope one day that there will be an English translation version just like what we saw for Tomodachi Collection.</reviewbody>
    <stars>5</stars>
    <reviewer>Villager!Jericho</reviewer>
    <reviewdate>2020-11-20 05:50:55</reviewdate>
    <createdate>2020-11-20 05:50:55</createdate>
    <reviewer_itemname>@villager_jericho</reviewer_itemname>
  </review>
  <review>
    <reviewtitle>big win for the internet</reviewtitle>
    <reviewbody>get bent Coddy Trentuit, thats what you get</reviewbody>
    <stars>5</stars>
    <reviewer>Steelblueflame</reviewer>
    <reviewdate>2020-11-20 07:04:18</reviewdate>
    <createdate>2020-11-20 07:04:18</createdate>
    <reviewer_itemname>@steelblueflame</reviewer_itemname>
  </review>
  <review>
    <reviewtitle>HELP</reviewtitle>
    <reviewbody>Is there any way I can play this in my 3ds? It lets me enter the game but I don't know where to put the save file in. If anyone can help me please let me know. Thank you!</reviewbody>
    <stars>5</stars>
    <reviewer>yad22m</reviewer>
    <reviewdate>2020-11-20 07:06:16</reviewdate>
    <createdate>2020-11-20 07:06:16</createdate>
    <reviewer_itemname>@yad22m</reviewer_itemname>
  </review>
  <review>
    <reviewtitle>BLESS YOU</reviewtitle>
    <reviewbody>You are a great person for making this publicly available. I can't thank you enough. Preserving history, no matter how seemingly insignificant to some, is so very important. Thank you once again!</reviewbody>
    <stars>5</stars>
    <reviewer>lamoody</reviewer>
    <reviewdate>2020-11-20 12:53:52</reviewdate>
    <createdate>2020-11-20 12:53:52</createdate>
    <reviewer_itemname>@lamoody</reviewer_itemname>
  </review>
  <review>
    <reviewtitle>Won't let me go to the section to enter the password.</reviewtitle>
    <reviewbody>It seems as my save is corrupted or something as I only am able to press the 3rd option on the menu and nothing else. Could anybody possibly help me with this?</reviewbody>
    <stars>0</stars>
    <reviewer>Xenotara</reviewer>
    <reviewdate>2020-11-20 14:01:35</reviewdate>
    <createdate>2020-11-20 14:01:35</createdate>
    <reviewer_itemname>@xenotara</reviewer_itemname>
  </review>
  <review>
    <reviewtitle>I can't enter the password</reviewtitle>
    <reviewbody>Same as the user below me.
I can't choose the first option, only the third. </reviewbody>
    <stars>5</stars>
    <reviewer>MicaelHD</reviewer>
    <reviewdate>2020-11-20 15:18:25</reviewdate>
    <createdate>2020-11-20 15:18:25</createdate>
    <reviewer_itemname>@micaelhd</reviewer_itemname>
  </review>
  <review>
    <reviewtitle>Thanks my man</reviewtitle>
    <reviewbody>Didn't imagine that the game actually got dumped. 

Now the next step is to fully translate the game into English. 


</reviewbody>
    <stars>5</stars>
    <reviewer>Chillgamer</reviewer>
    <reviewdate>2020-11-20 15:58:09</reviewdate>
    <createdate>2020-11-20 15:58:09</createdate>
    <reviewer_itemname>@chillgamer</reviewer_itemname>
  </review>
  <review>
    <reviewtitle>What's with all the A's?</reviewtitle>
    <reviewbody>In the instructions file, there are multiple rows of the letter A with different dialects. Does this translate to something? Do I need certain software to translate it? I'm guessing it's Vocaloid for the McDonalds jingle or something. </reviewbody>
    <stars>5</stars>
    <reviewer>TetraNova989</reviewer>
    <reviewdate>2020-11-20 17:11:37</reviewdate>
    <createdate>2020-11-20 17:11:37</createdate>
    <reviewer_itemname>@tetranova989</reviewer_itemname>
  </review>
  <review>
    <reviewtitle>Not interesting (like me)</reviewtitle>
    <reviewbody>Nice👌</reviewbody>
    <stars>5</stars>
    <reviewer>Foulowe59</reviewer>
    <reviewdate>2020-11-20 20:26:24</reviewdate>
    <createdate>2020-11-20 20:26:24</createdate>
    <reviewer_itemname>@foulowe59</reviewer_itemname>
  </review>
  <review>
    <reviewtitle>Create own easy pass</reviewtitle>
    <reviewbody>Hi there,
When you download the game and use the code from Nick to get in. Go to MGR mode (manager mode) -&gt; crew entry and chose first option. it will ask you for an id , insert : 000000 (or whatever you may remember), Then enter your name (you can change to roman charachter on the left side of the keyboard) then chose your avatar and you will have a default password shown on screen (probably 160700).

Restart the game
Choose the second option
Enter 000000 (or whatever id you chose)
Now enter the default pass you got (160700).
Now enter 000000 (or whatever pass you like)

Now if you boot the game. It will be accessible by chosing first option and just insert 0's all the way :)

Congrats McDo employee ! . Remember manager mode will not be available on your own created account (duuh your an employee now) but playing the game will be so much easier and faster now !!



Thank you nick for sharing this</reviewbody>
    <stars>5</stars>
    <reviewer>Sparkycakes</reviewer>
    <reviewdate>2020-11-20 20:29:05</reviewdate>
    <createdate>2020-11-20 20:29:05</createdate>
    <reviewer_itemname>@sparkycakes</reviewer_itemname>
  </review>
  <review>
    <reviewtitle>he did it...</reviewtitle>
    <reviewbody>the mad man fucking did it, i've yet to download the rom. but i know i will always remember this moment</reviewbody>
    <stars>5</stars>
    <reviewer>tofp</reviewer>
    <reviewdate>2020-11-20 22:12:31</reviewdate>
    <createdate>2020-11-20 22:12:31</createdate>
    <reviewer_itemname>@tofp</reviewer_itemname>
  </review>
  <review>
    <reviewtitle>HELL YEAH!</reviewtitle>
    <reviewbody>I never knew I needed this, but goddamn it dude, you did it. What an exciting documentary to watch and you let us have a piece of the cake that was only meant for you. 

Thank you dude.</reviewbody>
    <stars>5</stars>
    <reviewer>lukeover9000</reviewer>
    <reviewdate>2020-11-20 22:47:09</reviewdate>
    <createdate>2020-11-20 22:47:09</createdate>
    <reviewer_itemname>@lukeover9000</reviewer_itemname>
  </review>
  <review>
    <reviewtitle>.</reviewtitle>
    <reviewbody>how do you get the game?</reviewbody>
    <stars>5</stars>
    <reviewer>clubpenguin08</reviewer>
    <reviewdate>2020-11-20 23:07:14</reviewdate>
    <createdate>2020-11-20 23:07:14</createdate>
    <reviewer_itemname>@clubpenguin08</reviewer_itemname>
  </review>
  <review>
    <reviewtitle>THANKS SO MUCH FOR THIS</reviewtitle>
    <reviewbody>Thanks for your video of this game and preserving its history of it, its so cool!!</reviewbody>
    <stars>5</stars>
    <reviewer>chelobob</reviewer>
    <reviewdate>2020-11-20 23:19:56</reviewdate>
    <createdate>2020-11-20 23:19:56</createdate>
    <reviewer_itemname>@chelobob</reviewer_itemname>
  </review>
  <review>
    <reviewtitle>Great! Good job!</reviewtitle>
    <reviewbody>I cant believe you have actually achieved this, you are a mad man..

Also for the people wanting it translated to English, Iam fluent in Chinese, Japanese and English,

So I have started to work on it, and when it's finished I'll make a archive for it on this page aswell..
</reviewbody>
    <stars>5</stars>
    <reviewer>myscreenname3</reviewer>
    <reviewdate>2020-11-21 00:47:32</reviewdate>
    <createdate>2020-11-21 00:47:32</createdate>
    <reviewer_itemname>@myscreenname3</reviewer_itemname>
  </review>
  <review>
    <reviewtitle>I am playing on my 3ds right now</reviewtitle>
    <reviewbody>So all you need to do is have an r4 card and import the files.
If you are in the same boat as me and don't have one of those you need to have cfw on you 3ds as well as a piece of software installed called TWLoader++. Using this software you are able to play nds roms directly on your 3ds (or dsi but the process is different). Assuming you already have this software installed on a modified 3ds (or dsi) you now have to import the rom provided into a rom folder on the sd-card of your system, start the software and open the game. Exit the game and turn off the console so that you can eject the sd-card. Go back into the sd-card and back into the rom folder , in the folder along with the rom you imported you will find a saves folder, delete the file in this folder for the McDonalds game and import the provided file.

You are now playing the game on Nintendo hardware.</reviewbody>
    <stars>5</stars>
    <reviewer>Brodude5186</reviewer>
    <reviewdate>2020-11-21 00:58:13</reviewdate>
    <createdate>2020-11-21 00:58:13</createdate>
    <reviewer_itemname>@brodude5186</reviewer_itemname>
  </review>
  <review>
    <reviewtitle>Fantastic!</reviewtitle>
    <reviewbody>I've managed to get this running on both my modded 3ds and an emulator on android! this game is surprisingly fun; I love it lol</reviewbody>
    <stars>5</stars>
    <reviewer>Bouldergeist</reviewer>
    <reviewdate>2020-11-21 05:30:08</reviewdate>
    <createdate>2020-11-21 05:30:08</createdate>
    <reviewer_itemname>@bouldergeist</reviewer_itemname>
  </review>
  <review>
    <reviewtitle>This is like the neo-Windows 95 block parties! Truly epic, Robinson Brothers!!</reviewtitle>
    <reviewbody>The title says it all. Five stars. Nick Robinson is the man that will save us all. His brother too, apparently, no less. It runs in the family.</reviewbody>
    <stars>5</stars>
    <reviewer>SucksToBeSophreni</reviewer>
    <reviewdate>2020-11-21 09:33:23</reviewdate>
    <createdate>2020-11-21 09:33:23</createdate>
    <reviewer_itemname>@suckstobesophreni</reviewer_itemname>
  </review>
  <review>
    <reviewtitle>this is cool and all but uh</reviewtitle>
    <reviewbody>i don't speak the japanese</reviewbody>
    <stars>5</stars>
    <reviewer>Vukky</reviewer>
    <reviewdate>2020-11-21 12:37:35</reviewdate>
    <createdate>2020-11-21 10:54:27</createdate>
    <reviewer_itemname>@vukky</reviewer_itemname>
  </review>
  <review>
    <reviewtitle>Yes</reviewtitle>
    <reviewbody>You should upload the PDF</reviewbody>
    <stars>4</stars>
    <reviewer>What Are You Doing, Stepbro?</reviewer>
    <reviewdate>2020-11-21 11:38:44</reviewdate>
    <createdate>2020-11-21 11:38:44</createdate>
    <reviewer_itemname>@what_are_you_doing_stepbro_</reviewer_itemname>
  </review>
  <review>
    <reviewtitle>ty</reviewtitle>
    <reviewbody>you are a legend! got it to work on my pc :D</reviewbody>
    <stars>5</stars>
    <reviewer>gamerimies</reviewer>
    <reviewdate>2020-11-21 15:19:12</reviewdate>
    <createdate>2020-11-21 15:19:12</createdate>
    <reviewer_itemname>@gamerimies</reviewer_itemname>
  </review>
  <review>
    <reviewtitle>Amazing</reviewtitle>
    <reviewbody>Thank you so much Nick for dumping this, really love your vids man. I had so much fun playing this, would recommend it to anyone that has a 3ds or a ds</reviewbody>
    <stars>5</stars>
    <reviewer>MKfreal</reviewer>
    <reviewdate>2020-11-21 16:55:58</reviewdate>
    <createdate>2020-11-21 16:55:58</createdate>
    <reviewer_itemname>@mkfreal</reviewer_itemname>
  </review>
  <review>
    <reviewtitle>Torrent.</reviewtitle>
    <reviewbody>For those using the torrent download, seeding is hapeening.</reviewbody>
    <stars>5</stars>
    <reviewer>mirashards</reviewer>
    <reviewdate>2020-11-21 16:57:30</reviewdate>
    <createdate>2020-11-21 16:57:30</createdate>
    <reviewer_itemname>@mirashards</reviewer_itemname>
  </review>
  <review>
    <reviewtitle>So greaaaatttttt</reviewtitle>
    <reviewbody>One of the best thing happend in 2020 is the eCDP</reviewbody>
    <stars>5</stars>
    <reviewer>sevenpro</reviewer>
    <reviewdate>2020-11-21 17:43:12</reviewdate>
    <createdate>2020-11-21 17:43:12</createdate>
    <reviewer_itemname>@sevenpro</reviewer_itemname>
  </review>
  <review>
    <reviewtitle>what emulator should I use?</reviewtitle>
    <reviewbody>I'm having trouble finding an emulator that can run this (and import the save file so I can play it), so can someone tell me what emulator I should use.

Also, THIS IS ABSOLUTELY AMAZING!!!!!!!!!!!!!!!!!!!</reviewbody>
    <stars>5</stars>
    <reviewer>ego-lay_atman-bay</reviewer>
    <reviewdate>2020-11-21 20:20:27</reviewdate>
    <createdate>2020-11-21 20:20:27</createdate>
    <reviewer_itemname>@ego-lay_atman-bay</reviewer_itemname>
  </review>
  <review>
    <reviewtitle>Available on PC?</reviewtitle>
    <reviewbody>I don't have a DS, is it possible to play on PC? I own a Mac, but it can also run windows. If I can play the game on PC, could someone please walk me through how to get the game running? Thanks.</reviewbody>
    <stars>0</stars>
    <reviewer>temmies123</reviewer>
    <reviewdate>2020-11-21 23:14:00</reviewdate>
    <createdate>2020-11-21 23:14:00</createdate>
    <reviewer_itemname>@temmies123</reviewer_itemname>
  </review>
  <review>
    <reviewtitle>To everyone who needs an emulator.</reviewtitle>
    <reviewbody>If you guys need an emulator, use something like BizHawk or DeSumME, Here's some URLs to the emulators:

BizHawk:
https://github.com/TASVideos/BizHawk/releases/
DeSumME:
http://desmume.org/

Enjoy, my fellow Internet Friends.</reviewbody>
    <stars>0</stars>
    <reviewer>AlexieZeePlayzYT</reviewer>
    <reviewdate>2020-11-22 02:40:10</reviewdate>
    <createdate>2020-11-22 02:40:10</createdate>
    <reviewer_itemname>@alexiezeeplayzyt</reviewer_itemname>
  </review>
  <review>
    <reviewtitle>OpenEmu Battery Save</reviewtitle>
    <reviewbody>anyone get this going with openemu converting the .sav battery save to a .dsv to work with desmume?</reviewbody>
    <stars>5</stars>
    <reviewer>abuccilli</reviewer>
    <reviewdate>2020-11-22 02:58:46</reviewdate>
    <createdate>2020-11-22 02:58:46</createdate>
    <reviewer_itemname>@abuccilli</reviewer_itemname>
  </review>
  <review>
    <reviewtitle>Help</reviewtitle>
    <reviewbody>I'm on a phone and I don't know how to use the .sav file on Free DS For Android. Does anyone know how to? I already got the .nds file working but I can't input the password without the .sav file.</reviewbody>
    <stars>5</stars>
    <reviewer>Samtam100</reviewer>
    <reviewdate>2020-11-22 03:34:08</reviewdate>
    <createdate>2020-11-22 03:34:08</createdate>
    <reviewer_itemname>@samtam100</reviewer_itemname>
  </review>
  <review>
    <reviewtitle>Is it possible to just get the music/audio files?</reviewtitle>
    <reviewbody>Watched the video so cool loads of respect for going out of your way to do this for the community. Also if anyone could answer my question that would be really appreciated.</reviewbody>
    <stars>5</stars>
    <reviewer>LordZ1</reviewer>
    <reviewdate>2020-11-22 04:44:17</reviewdate>
    <createdate>2020-11-22 04:44:17</createdate>
    <reviewer_itemname>@lordz1</reviewer_itemname>
  </review>
  <review>
    <reviewtitle>Thanks you!</reviewtitle>
    <reviewbody>Doing the lords work son.</reviewbody>
    <stars>5</stars>
    <reviewer>Paladin_Cecil</reviewer>
    <reviewdate>2020-11-22 05:46:35</reviewdate>
    <createdate>2020-11-22 05:46:35</createdate>
    <reviewer_itemname>@paladin_cecil</reviewer_itemname>
  </review>
  <review>
    <reviewtitle>Nick Thank You</reviewtitle>
    <reviewbody>when I first viewed this console I was seeking rare NES games when I stumbled across the rare MacDonalds DSi and eCDP cartridge and someone else asked me "what would you do if I found a rare game" and I said "try to revive it" I didn't think that anyone else would have that thought the same way so I just wanted to say thanks for reviving it for all of us Nintendo fans. P.S if you ever wanna fight in smash ultimate square up XD



</reviewbody>
    <stars>5</stars>
    <reviewer>NESFan</reviewer>
    <reviewdate>2020-11-22 07:47:24</reviewdate>
    <createdate>2020-11-22 07:47:24</createdate>
    <reviewer_itemname>@nesfan</reviewer_itemname>
  </review>
  <review>
    <reviewtitle>Torrent file stuck</reviewtitle>
    <reviewbody>The torrent file is stuck at 99.9 percent. If anyone can help me pls dm me at TheGhoulX #2986</reviewbody>
    <stars>4</stars>
    <reviewer>TheGhoulX</reviewer>
    <reviewdate>2020-11-22 10:46:42</reviewdate>
    <createdate>2020-11-22 10:46:42</createdate>
    <reviewer_itemname>@theghoulx</reviewer_itemname>
  </review>
  <review>
    <reviewtitle>.sav File Help?</reviewtitle>
    <reviewbody>Can someone please help me with the .sav file? I've gotten the .nds file running on an emulator but cannot find out what to do with the sav file. Help! RealElonMusk#8480</reviewbody>
    <stars>5</stars>
    <reviewer>RealElonMusk</reviewer>
    <reviewdate>2020-11-22 16:16:31</reviewdate>
    <createdate>2020-11-22 16:16:31</createdate>
    <reviewer_itemname>@realelonmusk</reviewer_itemname>
  </review>
  <review>
    <reviewtitle>Help</reviewtitle>
    <reviewbody>How can I download the file?
I can't find the link</reviewbody>
    <stars>0</stars>
    <reviewer>UsySus</reviewer>
    <reviewdate>2020-11-22 18:50:39</reviewdate>
    <createdate>2020-11-22 18:50:39</createdate>
    <reviewer_itemname>@usysus</reviewer_itemname>
  </review>
  <review>
    <reviewtitle>NICK THE BASED GOD</reviewtitle>
    <reviewbody>Holy shit, you mad man, you are one of the greatest preservationists I have ever seen. The lengths you go to finding lost &amp; obscure media is beyond anything any other human has ever gone to. I don't know how else I could say it, honestly, you are incredible!

Thank you from the bottom of our hearts!</reviewbody>
    <stars>5</stars>
    <reviewer>bdthe2nd</reviewer>
    <reviewdate>2020-11-22 21:15:26</reviewdate>
    <createdate>2020-11-22 21:07:49</createdate>
    <reviewer_itemname>@bdthe2nd</reviewer_itemname>
  </review>
  <review>
    <reviewtitle>but for real</reviewtitle>
    <reviewbody>this is incredible and i appreciate the effort it took to get this, your video was more thrilling and had more twists than most movies lmao</reviewbody>
    <stars>5</stars>
    <reviewer>exosilver</reviewer>
    <reviewdate>2020-11-22 22:47:23</reviewdate>
    <createdate>2020-11-22 22:35:17</createdate>
    <reviewer_itemname>@exosilver</reviewer_itemname>
  </review>
  <review>
    <reviewtitle>Hey I like what yall do</reviewtitle>
    <reviewbody>Can I join yall?</reviewbody>
    <stars>5</stars>
    <reviewer>SomeN0Body z</reviewer>
    <reviewdate>2020-11-22 23:47:26</reviewdate>
    <createdate>2020-11-22 23:47:26</createdate>
    <reviewer_itemname>@somen0body_z</reviewer_itemname>
  </review>
  <review>
    <reviewtitle>Amazing</reviewtitle>
    <reviewbody>I love what you do and even though I don't collect many video games, (or things that fall into that category) I still understand the thrill of what it's like to come across something that diserves the hunt like what you did here for the Mcdonald's cartridge. I've never wanted to play something like this so much in a long time and thank you for uploading this online! You're remarkable.</reviewbody>
    <stars>5</stars>
    <reviewer>Ruby Rose</reviewer>
    <reviewdate>2020-11-23 00:07:51</reviewdate>
    <createdate>2020-11-23 00:07:51</createdate>
    <reviewer_itemname>@ruby_rose</reviewer_itemname>
  </review>
  <review>
    <reviewtitle>Another step towards total preservation of the DS library.</reviewtitle>
    <reviewbody>Three thousand dollars for a Japan Exclusive McDonald's training game. Absolutely amazing the code was cracked. What is next? Mean Girls DS seems to be the new Holy Grail. I am so happy to be a part of gaming history.           Godspeed, Nick.          

</reviewbody>
    <stars>5</stars>
    <reviewer>OliveYTP</reviewer>
    <reviewdate>2020-11-23 01:31:12</reviewdate>
    <createdate>2020-11-23 01:31:12</createdate>
    <reviewer_itemname>@oliveytp</reviewer_itemname>
  </review>
  <review>
    <reviewtitle>Thank you!</reviewtitle>
    <reviewbody>Thank you for sharing this rare game :)</reviewbody>
    <stars>5</stars>
    <reviewer>dark_kaizer</reviewer>
    <reviewdate>2020-11-23 02:31:03</reviewdate>
    <createdate>2020-11-23 02:31:03</createdate>
    <reviewer_itemname>@dark_kaizer</reviewer_itemname>
  </review>
  <review>
    <reviewtitle>Thank you!</reviewtitle>
    <reviewbody>Thanks for Archiving this!</reviewbody>
    <stars>5</stars>
    <reviewer>ls01234</reviewer>
    <reviewdate>2020-11-23 03:46:00</reviewdate>
    <createdate>2020-11-23 03:46:00</createdate>
    <reviewer_itemname>@ls01234</reviewer_itemname>
  </review>
  <review>
    <reviewtitle>q</reviewtitle>
    <reviewbody>im having trouble copying this onto an sd card it says that it is white protected. what do i do?</reviewbody>
    <stars>5</stars>
    <reviewer>datboi43</reviewer>
    <reviewdate>2020-11-23 04:44:15</reviewdate>
    <createdate>2020-11-23 04:44:15</createdate>
    <reviewer_itemname>@datboi43</reviewer_itemname>
  </review>
  <review>
    <reviewtitle>Thanks</reviewtitle>
    <reviewbody>I haven't played much ds games for long and I have a 3ds and I am going to see if I can experience the gameplay through it. This is going to be a diamond of my life. Thank you very much.</reviewbody>
    <stars>5</stars>
    <reviewer>Raythehuman</reviewer>
    <reviewdate>2020-11-23 05:19:38</reviewdate>
    <createdate>2020-11-23 05:19:38</createdate>
    <reviewer_itemname>@raythehuman</reviewer_itemname>
  </review>
  <review>
    <reviewtitle>HELP</reviewtitle>
    <reviewbody>I can't choose the first option, only the third. :/</reviewbody>
    <stars>0</stars>
    <reviewer>EMU-lator</reviewer>
    <reviewdate>2020-11-23 07:33:49</reviewdate>
    <createdate>2020-11-23 07:33:49</createdate>
    <reviewer_itemname>@emu-lator</reviewer_itemname>
  </review>
  <review>
    <reviewtitle>Awesome!</reviewtitle>
    <reviewbody>Thanks for preserving history! Both the uploader and archive.org.

If you can only pick the third option: you haven't loaded the save file. Check the included instructions again.</reviewbody>
    <stars>5</stars>
    <reviewer>nbouwhuis</reviewer>
    <reviewdate>2020-11-23 11:35:27</reviewdate>
    <createdate>2020-11-23 11:35:27</createdate>
    <reviewer_itemname>@nbouwhuis</reviewer_itemname>
  </review>
  <review>
    <reviewtitle>i cant run the sav file</reviewtitle>
    <reviewbody>i use desmume can somebody help me contact me on discord ArsBl0x#5670</reviewbody>
    <stars>4</stars>
    <reviewer>Arsbl0x</reviewer>
    <reviewdate>2020-11-23 12:22:49</reviewdate>
    <createdate>2020-11-23 12:22:49</createdate>
    <reviewer_itemname>@arsbl0x</reviewer_itemname>
  </review>
  <review>
    <reviewtitle>Can't load save file</reviewtitle>
    <reviewbody>I downloaded your rom dump but can't seem to load the save file, I'm using an emulator called DraStic on my Galaxy S10 got the game to load but for the its not seeing the .sav file</reviewbody>
    <stars>5</stars>
    <reviewer>Optimus01</reviewer>
    <reviewdate>2020-11-23 12:28:52</reviewdate>
    <createdate>2020-11-23 12:28:52</createdate>
    <reviewer_itemname>@optimus01</reviewer_itemname>
  </review>
  <review>
    <reviewtitle>How you can load the save in DeSmuME!</reviewtitle>
    <reviewbody>I initially had trouble like everyone else, but I found the solution!
1. Click File-&gt;Import Backup Memory
2. Open the save file from the download
3. Under "Choose one of these sizes", select "AUTO (from imported save data size)". It's the second option in mine, the wrong option is selected by default!
4. The game will restart, and you can now access the password screen!</reviewbody>
    <stars>5</stars>
    <reviewer>Pacca64</reviewer>
    <reviewdate>2020-11-23 17:49:18</reviewdate>
    <createdate>2020-11-23 17:49:18</createdate>
    <reviewer_itemname>@pacca64</reviewer_itemname>
  </review>
  <review>
    <reviewtitle>What an incredible find!</reviewtitle>
    <reviewbody>Notes for anyone using a very old R4 card for DS. ie: The kind that only reads 2gb FAT formatted SD cards.

The file names on the VERY old R4 cards want to look like this:

- DSCDP_CRUJN6_00.nds
- DSCDP_CRUJN6_00.nds.sav

It's a subtle change, but if like me you spent a few minutes wondering, why you couldn't unlock the title, this was it for me. </reviewbody>
    <stars>5</stars>
    <reviewer>mholzinger</reviewer>
    <reviewdate>2020-11-23 17:59:28</reviewdate>
    <createdate>2020-11-23 17:59:28</createdate>
    <reviewer_itemname>@mholzinger</reviewer_itemname>
  </review>
  <review>
    <reviewtitle>issue</reviewtitle>
    <reviewbody>the game doesn't open on a flashcard</reviewbody>
    <stars>0</stars>
    <reviewer>Homem do alabama</reviewer>
    <reviewdate>2020-11-23 18:35:14</reviewdate>
    <createdate>2020-11-23 18:35:14</createdate>
    <reviewer_itemname>@homem_do_alabama</reviewer_itemname>
  </review>
  <review>
    <reviewtitle>Works well. Slight tweak needed for DraStic to work</reviewtitle>
    <reviewbody>For those asking how to get things working on DraStic all you need to do is copy the .sav file to /storage/emulated/0/DraStic/backup and rename the .sav part to .dsv. this will get you up and running no problem. Hope that helps.</reviewbody>
    <stars>5</stars>
    <reviewer>Mascondante</reviewer>
    <reviewdate>2020-11-23 18:36:18</reviewdate>
    <createdate>2020-11-23 18:36:18</createdate>
    <reviewer_itemname>@mascondante</reviewer_itemname>
  </review>
  <review>
    <reviewtitle>Archival</reviewtitle>
    <reviewbody>Yet another great piece of history archived.</reviewbody>
    <stars>5</stars>
    <reviewer>Dingo Arcade</reviewer>
    <reviewdate>2020-11-23 19:01:23</reviewdate>
    <createdate>2020-11-23 19:01:23</createdate>
    <reviewer_itemname>@dingo_arcade</reviewer_itemname>
  </review>
  <review>
    <reviewtitle>Thanks for this awesome opportunity!</reviewtitle>
    <reviewbody>Just wanted to say thank you; I was surprised to see there was another game (well, sort of) by McDonalds. It seems this one is more difficult to come by (than the GB game Mcdonald's Monogatari (2001) which I happily own; it was quite difficult to find a copy of it!) so I am very happy to be able to play it. I followed the instructions by Pacca64 since I too had to change it to "auto" under the "import backup memory" tab to make it work. Love it very much and thanks again! (and to the commenters for helping in choosing an emulator and accessing the game). </reviewbody>
    <stars>5</stars>
    <reviewer>aliraluna</reviewer>
    <reviewdate>2020-11-23 21:01:21</reviewdate>
    <createdate>2020-11-23 21:01:21</createdate>
    <reviewer_itemname>@aliraluna</reviewer_itemname>
  </review>
  <review>
    <reviewtitle>How do I convert the .zip file of this into a playable game.</reviewtitle>
    <reviewbody>I have the files downloaded as a .zip folder but I don't know what to do to be able to actually play the game itself.</reviewbody>
    <stars>5</stars>
    <reviewer>R_Zombie</reviewer>
    <reviewdate>2020-11-23 21:40:43</reviewdate>
    <createdate>2020-11-23 21:40:43</createdate>
    <reviewer_itemname>@r_zombie</reviewer_itemname>
  </review>
  <review>
    <reviewtitle>How?</reviewtitle>
    <reviewbody>how do I download? It's just a question I'm not dumb but how?</reviewbody>
    <stars>5</stars>
    <reviewer>kidbenbon</reviewer>
    <reviewdate>2020-11-23 23:31:03</reviewdate>
    <createdate>2020-11-23 23:31:03</createdate>
    <reviewer_itemname>@kidbenbon</reviewer_itemname>
  </review>
  <review>
    <reviewtitle>can i please have an emulator suggestions</reviewtitle>
    <reviewbody>
I can't find a emulator that loads .sav save files</reviewbody>
    <stars>0</stars>
    <reviewer>Ronald Wants Free McDonalds</reviewer>
    <reviewdate>2020-11-23 23:50:45</reviewdate>
    <createdate>2020-11-23 23:50:45</createdate>
    <reviewer_itemname>@ronald_wants_free_mcdonalds</reviewer_itemname>
  </review>
  <review>
    <reviewtitle>How to download</reviewtitle>
    <reviewbody>How do I download it? I got no tutorial </reviewbody>
    <stars>0</stars>
    <reviewer>It'smeDylan</reviewer>
    <reviewdate>2020-11-24 00:18:43</reviewdate>
    <createdate>2020-11-24 00:18:43</createdate>
    <reviewer_itemname>@it_smedylan</reviewer_itemname>
  </review>
  <review>
    <reviewtitle>Help me... please</reviewtitle>
    <reviewbody>Hi everyone! Please help another gamer out here, my Discord is "JulzUrs07#5710", please dm me if you have answers on how to play it in Drastic because I can't really access the password portion of the game, but if you don't know anything about Drastic but know how and where to download the latest version of DeSmuME on android, please help me, anyway, thanks in advance! </reviewbody>
    <stars>5</stars>
    <reviewer>Pнаптσɱ_Pаяаʅʅа𝕩07</reviewer>
    <reviewdate>2020-11-24 00:56:27</reviewdate>
    <createdate>2020-11-24 00:56:27</createdate>
    <reviewer_itemname>@p_p_07</reviewer_itemname>
  </review>
  <review>
    <reviewtitle>question</reviewtitle>
    <reviewbody>im totally not dumb... but like how do i download to my laptop oop-</reviewbody>
    <stars>0</stars>
    <reviewer>AussieKoala</reviewer>
    <reviewdate>2020-11-24 01:50:10</reviewdate>
    <createdate>2020-11-24 01:50:10</createdate>
    <reviewer_itemname>@aussiekoala</reviewer_itemname>
  </review>
  <review>
    <reviewtitle>This Is Great</reviewtitle>
    <reviewbody>Im on iOS im also jailbroken this does not work on delta but does on inds I can run the game the problem is its not reading the save I changed sav. to dsv. and its still not reading it so I can only choose the third option and thats a problem I just need help with the save I also put it in the battery folder and my game and save are the same name ps: my discord is Jens#1710 please add me if you know a solution</reviewbody>
    <stars>5</stars>
    <reviewer>JensEmulates</reviewer>
    <reviewdate>2020-11-24 03:15:17</reviewdate>
    <createdate>2020-11-24 02:17:24</createdate>
    <reviewer_itemname>@jensemulates</reviewer_itemname>
  </review>
  <review>
    <reviewtitle>doesnt work on an R4i 3DS</reviewtitle>
    <reviewbody>Save isnt loading sadly for me on an R4i 3DS cart, no idea how to get it to work. </reviewbody>
    <stars>0</stars>
    <reviewer>Dracaris</reviewer>
    <reviewdate>2020-11-24 02:56:42</reviewdate>
    <createdate>2020-11-24 02:56:42</createdate>
    <reviewer_itemname>@dracaris</reviewer_itemname>
  </review>
  <review>
    <reviewtitle>Save file</reviewtitle>
    <reviewbody>I have followed the instructions by Paca64 but I cant select AUTO (From Imported Save Data)</reviewbody>
    <stars>3</stars>
    <reviewer>BROSSIEgaming</reviewer>
    <reviewdate>2020-11-24 04:04:27</reviewdate>
    <createdate>2020-11-24 04:04:27</createdate>
    <reviewer_itemname>@brossiegaming</reviewer_itemname>
  </review>
  <review>
    <reviewtitle>Alright, just to clear things up.</reviewtitle>
    <reviewbody>1. For emulators, I recommend downloading melonDS (requires BIOS and only for windows)

2. For me I didn't have to load the save file, only the .nds file.

3. For people saying how to download this, go to the main page for the rom and click "SHOW ALL" in Download Options.

Then, click on the .nds and .sav file to download them (also download the readme file)


 I will leaves links to the things I mentioned if the creator doesn't mind (if he does then I'll delete and repost this with no links)

,MelonDS: http://melonds.kuribo64.net/downloads.php
The download page for those who can't locate it:
https://archive.org/download/mcdonalds-japan-ecdp-rom-training-nintendo-ds-cartridge-dump

The BIOS for the emulator (no viruses and it works, tested them myself): http://emulation.gametechwiki.com/index.php/Emulator_Files#Nintendo_DS_.2F_DSi (click on the first one in the DSi / DS section)


This wasn't really a review but a guide, this game is good despite me not know Japanese lol













</reviewbody>
    <stars>5</stars>
    <reviewer>DinoTheArtworks</reviewer>
    <reviewdate>2020-11-24 08:54:22</reviewdate>
    <createdate>2020-11-24 08:54:22</createdate>
    <reviewer_itemname>@dinotheartworks</reviewer_itemname>
  </review>
  <review>
    <reviewtitle>having trouble opening file on laptop</reviewtitle>
    <reviewbody>like others, i came from youtube. im having trouble finding the appropriate software to play this game on my laptop. i have all the files already downloaded, i can open the files, but i have the screen that says, "Select an App to open this file" i dont have an app that is able to open the file. i read down the other reviews, and i saw that someone said to follow the link in the top comment. i did that and dowloaded what seemed like an app that would work and allow me to play the game on my laptop. but that also didnt pan out. am i missing an important step? what am i doing wrong? i have a discord for easy messaging if someone has the answer i need but doesnt want to create an account to respond. my Discord is OPC | Bears #5042. any help would be appreciated. i really want to play this and find out if the training is still the same back then as it is now. due to the pandemic i lost my job when businesses were forced to shut down, as a result, i now work at mcdonalds again, just like i did when i was 16. i got trained all over again, and im genuinely curious about the training the game teaches you. for those of you that made it this far into my long rant, thank you. any help is appreciated.</reviewbody>
    <stars>0</stars>
    <reviewer>Jesse Jaeger</reviewer>
    <reviewdate>2020-11-24 11:13:44</reviewdate>
    <createdate>2020-11-24 11:13:44</createdate>
    <reviewer_itemname>@jesse_jaeger</reviewer_itemname>
  </review>
  <review>
    <reviewtitle>Having Trouble with R4 Card</reviewtitle>
    <reviewbody>My r4 card is pretty old, but it can still run games pretty well, that being said has anyone found a way to load the sav file with the rom on an r4 card? I tried converting the name of the sav file to nds.sav but I still can't access the menu. Thanks. My discord is YannyHinny #7708, contact me if you found a fix.</reviewbody>
    <stars>0</stars>
    <reviewer>YannyHinnyDs3on3</reviewer>
    <reviewdate>2020-11-25 07:51:20</reviewdate>
    <createdate>2020-11-24 12:23:30</createdate>
    <reviewer_itemname>@yannyhinnyds3on3</reviewer_itemname>
  </review>
  <review>
    <reviewtitle>I a can’t access the login menu</reviewtitle>
    <reviewbody>When I load up the everything is perfect but then I can’t access the 1st menu which log you in</reviewbody>
    <stars>4</stars>
    <reviewer>Mangaaka</reviewer>
    <reviewdate>2020-11-24 13:51:34</reviewdate>
    <createdate>2020-11-24 13:51:34</createdate>
    <reviewer_itemname>@mangaaka</reviewer_itemname>
  </review>
  <review>
    <reviewtitle>Helping Jesse Jaeger</reviewtitle>
    <reviewbody>Jesse Jaeger,
To run this game on any device you must first download an emulator for the NDS. I'm not good with Nintendo systems so idk if newer-ish consoles such as the 3ds would work with this dump. If so then I would recommend Citra 3ds Emulator.
After downloading an emulator, you then need to boot up the emulator, click "file", click "open ROM", and find your dump in your downloads manager that it brings up. You should then be able to play the training game.
Hope this helps,
Preston</reviewbody>
    <stars>0</stars>
    <reviewer>Preston Caisse</reviewer>
    <reviewdate>2020-11-24 14:54:04</reviewdate>
    <createdate>2020-11-24 14:54:04</createdate>
    <reviewer_itemname>@preston_caisse</reviewer_itemname>
  </review>
  <review>
    <reviewtitle>This worked for people with password problem credit to JustDaniel #4224(discord)</reviewtitle>
    <reviewbody>Ok so for people with drastic or whatever u have.
Basically you have to download all 13 files by clicking the all 13 button files.(when u scroll the way down to the download section it has that button) Do not download the files individually.

When u click 13 files it will downlaod as a .zip file. That zip file will then be used. You have to take out the DSCP.sav file from the .zip file called mcdonalds-japan-ecdp-rom-training-nintendo-ds-cartridge-dump.zip or smth.

Now copy the DSCP.sav file from the zip (you might need to extract ONLY the dscp.sav file if u cant copy it through the zip, but thar file should still he represent in the zip even after copying it) and  now you move it into your backup folder for drastic. That dscp.sav file will be renamed to mcdonalds-japan-ecdp-rom-training-nintendo-ds-cartridge-dump.dsv. (just copy this and rename it)

DO NOT EXTRACT THE MCDONALDS S ZIP AT ALL LEAVE IT AS ZIP

Now the game will work with the password. The zip file doesnt need to be in drastic or anything it can just sit in download or where ever it is. For me the second button worked so u can click that and enter 482500 and it will work and take u to the game.

If u need help my discord is yourmom #7077 or the original person who helped me JustDaniel #4224</reviewbody>
    <stars>5</stars>
    <reviewer>Yourmom766</reviewer>
    <reviewdate>2020-11-26 16:22:36</reviewdate>
    <createdate>2020-11-24 14:54:44</createdate>
    <reviewer_itemname>@yourmom766</reviewer_itemname>
  </review>
  <review>
    <reviewtitle>save file help</reviewtitle>
    <reviewbody>i am using openemu for mac the game boots but the save file wont i added to my ds save file folder in openemu and all i can click is the 3rd option contact me @lazylife_photography on ig if you can help thx  

http://openemu.org/</reviewbody>
    <stars>5</stars>
    <reviewer>lolhell</reviewer>
    <reviewdate>2020-11-24 15:40:17</reviewdate>
    <createdate>2020-11-24 15:40:17</createdate>
    <reviewer_itemname>@lolhell</reviewer_itemname>
  </review>
  <review>
    <reviewtitle>Can't play game on 3ds.</reviewtitle>
    <reviewbody>When I open the game it plays the intro but when I get to the 3 options I can't click on the first and second setting and on the third option I just have to enter a 6 digit number, then I have to do that again and then I can type letters, before it goes back to numbers again. I made sure the save file is being used.</reviewbody>
    <stars>0</stars>
    <reviewer>Mike9090</reviewer>
    <reviewdate>2020-11-24 16:21:33</reviewdate>
    <createdate>2020-11-24 16:21:33</createdate>
    <reviewer_itemname>@mike9090</reviewer_itemname>
  </review>
  <review>
    <reviewtitle>Help for Jesse Jaeger</reviewtitle>
    <reviewbody>If you're on windows,you'll need a ds emulator to play this. I recommand you use either No$Gba (https://www.nogba.com/) or DeSmuMe (https://desmume.org/).Hope i helped.(By the way,the Discord you posted doesnt seem to work)</reviewbody>
    <stars>5</stars>
    <reviewer>Damien la Critique</reviewer>
    <reviewdate>2020-11-24 18:43:54</reviewdate>
    <createdate>2020-11-24 18:43:54</createdate>
    <reviewer_itemname>@damien_la_critique</reviewer_itemname>
  </review>
  <review>
    <reviewtitle>not working on 3ds</reviewtitle>
    <reviewbody>when I open it on 3ds it works but if I click the first or second option it makes a buzzer sound and doesnt let me in. Im not sure what password to put in when I click the third option</reviewbody>
    <stars>0</stars>
    <reviewer>4maxx2o</reviewer>
    <reviewdate>2020-11-24 18:56:01</reviewdate>
    <createdate>2020-11-24 18:56:01</createdate>
    <reviewer_itemname>@4maxx2o</reviewer_itemname>
  </review>
  <review>
    <reviewtitle>For those having trouble loading</reviewtitle>
    <reviewbody>For those having trouble loading the save, I converted the original save to a working one.. This save works with RetroArch as well as DeSmuMe.. You can download it here.. https://mega.nz/folder/I1B2AToL#ua7qseSEqs6I2JICw5-IuQ</reviewbody>
    <stars>5</stars>
    <reviewer>xNOLAx</reviewer>
    <reviewdate>2020-11-24 19:18:57</reviewdate>
    <createdate>2020-11-24 19:18:57</createdate>
    <reviewer_itemname>@xnolax</reviewer_itemname>
  </review>
  <review>
    <reviewtitle>NDS R4 Help</reviewtitle>
    <reviewbody>For those that have a very old NDS R4 and can't select the password input option, simply rename the .sav that came with the download to .nds.sav and it should be able to read it and not create a new save file itself!
</reviewbody>
    <stars>5</stars>
    <reviewer>XM492</reviewer>
    <reviewdate>2020-11-24 22:02:33</reviewdate>
    <createdate>2020-11-24 22:02:33</createdate>
    <reviewer_itemname>@xm492</reviewer_itemname>
  </review>
  <review>
    <reviewtitle>The third option problem</reviewtitle>
    <reviewbody>I'm opening the file in OpenEmu, It works, but when I click the first or second option, It makes a "wrong" or buzzing sound, I can only click on the third option, but I tried using the password and it doesn't work either. I've seen a lot of people here encountering this problem, so if you have a solution, please leave it in the reviews or message me on discord, I'm LexugaSoftu#1524
Besides all, I'd like to thank you for going through all the trouble for getting this to the light and letting us play the game for free.
</reviewbody>
    <stars>5</stars>
    <reviewer>LexugaSoftu</reviewer>
    <reviewdate>2020-11-24 23:49:47</reviewdate>
    <createdate>2020-11-24 23:49:47</createdate>
    <reviewer_itemname>@lexugasoftu</reviewer_itemname>
  </review>
  <review>
    <reviewtitle>Amazing</reviewtitle>
    <reviewbody>People like Nick are legends.</reviewbody>
    <stars>5</stars>
    <reviewer>Cossette4u</reviewer>
    <reviewdate>2020-11-25 01:49:46</reviewdate>
    <createdate>2020-11-25 01:49:46</createdate>
    <reviewer_itemname>@cossette4u</reviewer_itemname>
  </review>
  <review>
    <reviewtitle>I hate Nick Robinson with all my heart.</reviewtitle>
    <reviewbody>He comes in to every hobby I have, trying to trick people into forgetting that he preyed on his fans to try to start "relationships" with them. Nick Robinson needs to stop spending $3500 on undumped DS games and start giving reparations to the women in the games industry whose lives and careers he's hurt solely because of their gender and because he's too horny to separate work from sex. I despise this man baby and his soft boy veneer he uses to trap naive fans. Don't let him get away with it. Don't be complicit.</reviewbody>
    <stars>1</stars>
    <reviewer>TrivialTaco</reviewer>
    <reviewdate>2020-11-25 07:13:32</reviewdate>
    <createdate>2020-11-25 07:13:32</createdate>
    <reviewer_itemname>@trivialtaco</reviewer_itemname>
  </review>
  <review>
    <reviewtitle>Serial code</reviewtitle>
    <reviewbody>To access the 1st menu, the game tells me I have to click on the 3rd menu. And it tells me to input serial code there. What's the serial code? Am I doing something wrong? I tried to input "482500" there, but it didn't work. It gives the same result with, or without sav file loaded. </reviewbody>
    <stars>4</stars>
    <reviewer>DzpanTV</reviewer>
    <reviewdate>2020-11-25 08:12:32</reviewdate>
    <createdate>2020-11-25 08:12:32</createdate>
    <reviewer_itemname>@dzpantv</reviewer_itemname>
  </review>
  <review>
    <reviewtitle>Tutorial for pc.</reviewtitle>
    <reviewbody>Hello! for those who cannot get eCDP to work on pc, here, I make a tutorial (which is not the best tutorial) for pc users using DeSmuME, I include how to get the save file to work and login on top button. (I am sorry for the get file to work section, it is really mess up,     To get it to work, press auto (import save data size) and you should be able to load save. hope it is helpful!        Link for the video : https://youtu.be/C3-M_txrvHk</reviewbody>
    <stars>0</stars>
    <reviewer>Chavanilnampeng2468</reviewer>
    <reviewdate>2020-11-25 14:39:15</reviewdate>
    <createdate>2020-11-25 14:38:34</createdate>
    <reviewer_itemname>@chavanilnampeng2468</reviewer_itemname>
  </review>
  <review>
    <reviewtitle>Need Help With Sign In</reviewtitle>
    <reviewbody>Hello everyone I have the rom downloaded on my ox and have the game opened on the title screen but when I try to click the first option it plays like a buzzer sound and then it pops up text at the bottom that I can’t read </reviewbody>
    <stars>5</stars>
    <reviewer>Eatingtoes#1722</reviewer>
    <reviewdate>2020-11-25 18:08:06</reviewdate>
    <createdate>2020-11-25 18:08:06</createdate>
    <reviewer_itemname>@eatingtoes_1722</reviewer_itemname>
  </review>
  <review>
    <reviewtitle>ummm</reviewtitle>
    <reviewbody>how do u play the game</reviewbody>
    <stars>0</stars>
    <reviewer>MBLGudBoi</reviewer>
    <reviewdate>2020-11-25 21:32:49</reviewdate>
    <createdate>2020-11-25 21:32:49</createdate>
    <reviewer_itemname>@mblgudboi</reviewer_itemname>
  </review>
  <review>
    <reviewtitle>please help</reviewtitle>
    <reviewbody>hello everyone iam new to this website  and i dont know how to download the game can anyone please help me</reviewbody>
    <stars>5</stars>
    <reviewer>Rugalex_38</reviewer>
    <reviewdate>2020-11-26 00:37:18</reviewdate>
    <createdate>2020-11-26 00:37:18</createdate>
    <reviewer_itemname>@rugalex_38</reviewer_itemname>
  </review>
  <review>
    <reviewtitle>works perfectly</reviewtitle>
    <reviewbody>i can finally see 3D burger and play games</reviewbody>
    <stars>5</stars>
    <reviewer>lego_island</reviewer>
    <reviewdate>2020-11-26 01:17:25</reviewdate>
    <createdate>2020-11-26 01:17:25</createdate>
    <reviewer_itemname>@lego_island</reviewer_itemname>
  </review>
  <review>
    <reviewtitle>Store number?</reviewtitle>
    <reviewbody>I downloaded the files and opened them on a ds emulator from the Google play store and it works fine and loads, but I'm having trouble getting passed the main screen. Besides the McD ID number 482500, it also asks for a store number which I don't have, can anyone help me out?

Jager__117 → Reddit.

Thanks.</reviewbody>
    <stars>3</stars>
    <reviewer>Jager__117</reviewer>
    <reviewdate>2020-11-26 10:22:11</reviewdate>
    <createdate>2020-11-26 10:22:11</createdate>
    <reviewer_itemname>@jager_117</reviewer_itemname>
  </review>
  <review>
    <reviewtitle>ds lite r4 help</reviewtitle>
    <reviewbody>hi, has anyone managed to get the game onto their ds lite r4 card? im having issues even getting the nds file to go onto the r4. if anyone could message me a rundown of how to do it id be soo thankful. discord: bobbi1997 #4405</reviewbody>
    <stars>5</stars>
    <reviewer>bobbi1997</reviewer>
    <reviewdate>2020-11-26 19:55:22</reviewdate>
    <createdate>2020-11-26 19:55:22</createdate>
    <reviewer_itemname>@bobbi1997</reviewer_itemname>
  </review>
  <info>
    <num_reviews>162</num_reviews>
    <avg_rating>4.90</avg_rating>
  </info>
</reviews>
